content_id,content_type,order_type,affiliate_partner,agency
7622271734040874247,Video,Pesanan iklan toko,Affiliate_-1,Agency_-1
7494054609567125126,Showcase,Pesanan iklan toko,Affiliate_-1,Agency_-1
7621822281240562951,Video,Pesanan afiliasi,Affiliate_-1,Agency_-1
7621880344521936136,Video,Pesanan afiliasi,Affiliate_-1,Agency_-1
7515354673247702278,Video,Pesanan iklan toko,Affiliate_-1,Agency_-1
7623285229813467912,LIVE,Pesanan iklan toko,Affiliate_-1,Agency_-1
7621044899399994130,LIVE,Pesanan iklan toko,Affiliate_-1,Agency_-1
7623285229813467912,LIVE,Pesanan afiliasi,Affiliate_-1,Agency_-1
7620097058820623624,Video,Pesanan iklan toko,Affiliate_-1,Agency_-1
7615575155061918994,Video,Pesanan iklan toko,Affiliate_-1,Agency_-1
7603432758953692423,Video,Pesanan iklan toko,Affiliate_-1,Agency_-1
7623085154126383879,LIVE,Pesanan iklan toko,Affiliate_-1,Agency_-1
7617019784030440712,Video,Pesanan iklan toko,Affiliate_-1,Agency_-1
7621519606485994258,LIVE,Pesanan iklan toko,Affiliate_-1,Agency_-1
7622567970488765703,Video,Pesanan iklan toko,Affiliate_-1,Agency_-1
7609298936339254535,Video,Pesanan iklan toko,Affiliate_-1,Agency_-1
7621977909460356360,Video,Pesanan afiliasi,Affiliate_-1,Agency_-1
7609441046908423431,Video,Pesanan iklan toko,Affiliate_-1,Agency_-1
7622304852413598482,LIVE,Pesanan iklan toko,Affiliate_-1,Agency_-1
7609374889253883154,Video,Pesanan iklan toko,Affiliate_-1,Agency_-1
7620734833127475976,LIVE,Pesanan iklan toko,Affiliate_-1,Agency_-1
7605320979937545490,Video,Pesanan iklan toko,Affiliate_-1,Agency_-1
7617976796063042836,Video,Pesanan iklan toko,Affiliate_-1,Agency_-1
7494054609567125126,Berbagi tautan,Pesanan iklan toko,Affiliate_-1,Agency_-1
7618460083239783186,LIVE,Pesanan iklan toko,Affiliate_-1,Agency_-1
7621708153256299272,LIVE,Pesanan iklan toko,Affiliate_-1,Agency_-1
7603317560594943250,Video,Pesanan iklan toko,Affiliate_-1,Agency_-1
7604562507654515976,Video,Pesanan iklan toko,Affiliate_-1,Agency_-1
7622540413768895250,LIVE,Pesanan iklan toko,Affiliate_-1,Agency_-1
7622490192036875016,LIVE,Pesanan iklan toko,Affiliate_-1,Agency_-1
7622169020984544008,LIVE,Pesanan iklan toko,Affiliate_-1,Agency_-1
7622214061329664775,LIVE,Pesanan iklan toko,Affiliate_-1,Agency_-1
7621663107009891090,LIVE,Pesanan iklan toko,Affiliate_-1,Agency_-1
7609907208024804626,Video,Pesanan iklan toko,Affiliate_-1,Agency_-1
7620016593761733384,LIVE,Pesanan iklan toko,Affiliate_-1,Agency_-1
7610403712481217800,Video,Pesanan iklan toko,Affiliate_-1,Agency_-1
7600847303582223634,Video,Pesanan iklan toko,Affiliate_-1,Agency_-1
7617019784030440712,Video,Pesanan afiliasi,Affiliate_-1,Agency_-1
7621453318690310933,LIVE,Pesanan iklan toko,Affiliate_-1,Agency_-1
7621944098572454664,LIVE,Pesanan iklan toko,Affiliate_-1,Agency_-1
7621845292489034514,LIVE,Pesanan iklan toko,Affiliate_-1,Agency_-1
7621837809686564114,Video,Pesanan iklan toko,Affiliate_-1,Agency_-1
7592751379437997319,Video,Pesanan iklan toko,Affiliate_-1,Agency_-1
7620734833127475976,LIVE,Pesanan afiliasi,Affiliate_-1,Agency_-1
7620097058820623624,Video,Pesanan afiliasi,Affiliate_-1,Agency_-1
7620271062595128071,LIVE,Pesanan iklan toko,Affiliate_-1,Agency_-1
7621803967395269394,LIVE,Pesanan iklan toko,Affiliate_-1,Agency_-1
7616219031900572946,Video,Pesanan iklan toko,Affiliate_-1,Agency_-1
7605999431984483591,Video,Pesanan iklan toko,Affiliate_-1,Agency_-1
7616715108269509906,Video,Pesanan iklan toko,Affiliate_-1,Agency_-1
7617722905748573458,Video,Pesanan iklan toko,Affiliate_-1,Agency_-1
7606033203224251666,Video,Pesanan iklan toko,Affiliate_-1,Agency_-1
7599363007495376136,Video,Pesanan iklan toko,Affiliate_-1,Agency_-1
7615972524102290695,Video,Pesanan iklan toko,Affiliate_-1,Agency_-1
7595801737747893522,Video,Pesanan iklan toko,Affiliate_-1,Agency_-1
7605969238079130887,Video,Pesanan iklan toko,Affiliate_-1,Agency_-1
7593616718090505480,Video,Pesanan iklan toko,Affiliate_-1,Agency_-1
7621341179695303442,LIVE,Pesanan iklan toko,Affiliate_-1,Agency_-1
7601913001632959240,LIVE,Pesanan iklan toko,Affiliate_-1,Agency_-1
7620934668585569031,LIVE,Pesanan iklan toko,Affiliate_-1,Agency_-1
7614534240998313234,Video,Pesanan iklan toko,Affiliate_-1,Agency_-1
7620685660399815432,LIVE,Pesanan iklan toko,Affiliate_-1,Agency_-1
7605708638170221842,Video,Pesanan iklan toko,Affiliate_-1,Agency_-1
7607910530862337288,Video,Pesanan iklan toko,Affiliate_-1,Agency_-1
7609590750354951432,Video,Pesanan iklan toko,Affiliate_-1,Agency_-1
7620637729051921170,LIVE,Pesanan iklan toko,Affiliate_-1,Agency_-1
7621341179695303442,LIVE,Pesanan afiliasi,Affiliate_-1,Agency_-1
7613252543543594258,Video,Pesanan iklan toko,Affiliate_-1,Agency_-1
7605131813144612104,Video,Pesanan iklan toko,Affiliate_-1,Agency_-1
7621044899399994130,LIVE,Pesanan afiliasi,Affiliate_-1,Agency_-1
7613252543543594258,Video,Pesanan afiliasi,Affiliate_-1,Agency_-1
7529738741506772229,Video,Pesanan iklan toko,Affiliate_-1,Agency_-1
7601985587653905682,Video,Pesanan iklan toko,Affiliate_-1,Agency_-1
7608514544238923016,Video,Pesanan iklan toko,Affiliate_-1,Agency_-1
7589779411218582791,Video,Pesanan iklan toko,Affiliate_-1,Agency_-1
7609440172182146312,Video,Pesanan iklan toko,Affiliate_-1,Agency_-1
7599168749639421202,Video,Pesanan iklan toko,Affiliate_-1,Agency_-1
7606033025037634834,Video,Pesanan iklan toko,Affiliate_-1,Agency_-1
7606425046483094791,Video,Pesanan iklan toko,Affiliate_-1,Agency_-1
7605325766968184071,Video,Pesanan iklan toko,Affiliate_-1,Agency_-1
7599141457311583506,Video,Pesanan iklan toko,Affiliate_-1,Agency_-1
7618178607248067336,LIVE,Pesanan iklan toko,Affiliate_-1,Agency_-1
7619947460148562696,LIVE,Pesanan iklan toko,Affiliate_-1,Agency_-1
7620530266146228999,LIVE,Pesanan iklan toko,Affiliate_-1,Agency_-1
7620934668585569031,LIVE,Pesanan afiliasi,Affiliate_-1,Agency_-1
7586133550437551367,Video,Pesanan iklan toko,Affiliate_-1,Agency_-1
7602664975307476231,Video,Pesanan iklan toko,Affiliate_-1,Agency_-1
7620476525867944711,LIVE,Pesanan iklan toko,Affiliate_-1,Agency_-1
7614784661096615175,Video,Pesanan iklan toko,Affiliate_-1,Agency_-1
7606401077101006098,Video,Pesanan iklan toko,Affiliate_-1,Agency_-1
7620403788469422866,LIVE,Pesanan iklan toko,Affiliate_-1,Agency_-1
7620637729051921170,LIVE,Pesanan afiliasi,Affiliate_-1,Agency_-1
7494054609567125126,Showcase,Pesanan afiliasi,Affiliate_-1,Agency_-1
7620476525867944711,LIVE,Pesanan afiliasi,Affiliate_-1,Agency_-1
7607856595422285063,Video,Pesanan iklan toko,Affiliate_-1,Agency_-1
7610183252741197064,Video,Pesanan afiliasi,Affiliate_-1,Agency_-1
7608251266038221575,LIVE,Pesanan iklan toko,Affiliate_-1,Agency_-1
7620403788469422866,LIVE,Pesanan afiliasi,Affiliate_-1,Agency_-1
7617054904829414663,Video,Pesanan iklan toko,Affiliate_-1,Agency_-1
7591462508284660999,Video,Pesanan iklan toko,Affiliate_-1,Agency_-1
7617194586393529608,Video,Pesanan afiliasi,Affiliate_-1,Agency_-1
7605320502902639890,Video,Pesanan iklan toko,Affiliate_-1,Agency_-1
7599142073886936328,Video,Pesanan iklan toko,Affiliate_-1,Agency_-1
7619347622049893127,LIVE,Pesanan iklan toko,Affiliate_-1,Agency_-1
7610183252741197064,Video,Pesanan iklan toko,Affiliate_-1,Agency_-1
7617390839886695175,LIVE,Pesanan iklan toko,Affiliate_-1,Agency_-1
7616219031900572946,Video,Pesanan afiliasi,Affiliate_-1,Agency_-1
7615972524102290695,Video,Pesanan afiliasi,Affiliate_-1,Agency_-1
7618979092550142738,LIVE,Pesanan iklan toko,Affiliate_-1,Agency_-1
7619947460148562696,LIVE,Pesanan afiliasi,Affiliate_-1,Agency_-1
7611356441324833543,LIVE,Pesanan iklan toko,Affiliate_-1,Agency_-1
7605320979937545490,Video,Pesanan afiliasi,Affiliate_-1,Agency_-1
7615575155061918994,Video,Pesanan afiliasi,Affiliate_-1,Agency_-1
7615307182589872903,LIVE,Pesanan iklan toko,Affiliate_-1,Agency_-1
7609299380075597064,Video,Pesanan iklan toko,Affiliate_-1,Agency_-1
7610298023435963656,Video,Pesanan iklan toko,Affiliate_-1,Agency_-1
7619347622049893127,LIVE,Pesanan afiliasi,Affiliate_-1,Agency_-1
7618017343180507911,LIVE,Pesanan iklan toko,Affiliate_-1,Agency_-1
7610532434949442834,Video,Pesanan iklan toko,Affiliate_-1,Agency_-1
7610850356491930375,LIVE,Pesanan iklan toko,Affiliate_-1,Agency_-1
7618086307029486344,LIVE,Pesanan iklan toko,Affiliate_-1,Agency_-1
7618460083239783186,LIVE,Pesanan afiliasi,Affiliate_-1,Agency_-1
7608585973388348168,LIVE,Pesanan iklan toko,Affiliate_-1,Agency_-1
7613354856820722450,LIVE,Pesanan iklan toko,Affiliate_-1,Agency_-1
7612046897330539784,Video,Pesanan iklan toko,Affiliate_-1,Agency_-1
7610803765620902663,LIVE,Pesanan iklan toko,Affiliate_-1,Agency_-1
7603296148811484423,Video,Pesanan iklan toko,Affiliate_-1,Agency_-1
7617239352954932498,Video,Pesanan iklan toko,Affiliate_-1,Agency_-1
7616326470352407304,LIVE,Pesanan iklan toko,Affiliate_-1,Agency_-1
7599608216993025288,Video,Pesanan iklan toko,Affiliate_-1,Agency_-1
7617762995544623880,LIVE,Pesanan iklan toko,Affiliate_-1,Agency_-1
7617842403554773778,LIVE,Pesanan iklan toko,Affiliate_-1,Agency_-1
7618086307029486344,LIVE,Pesanan afiliasi,Affiliate_-1,Agency_-1
7617952850044652295,LIVE,Pesanan iklan toko,Affiliate_-1,Agency_-1
7618135777234848530,LIVE,Pesanan iklan toko,Affiliate_-1,Agency_-1
7616715108269509906,Video,Pesanan afiliasi,Affiliate_-1,Agency_-1
7617840589530303762,Video,Pesanan iklan toko,Affiliate_-1,Agency_-1
7603296148811484423,Video,Pesanan afiliasi,Affiliate_-1,Agency_-1
7618017343180507911,LIVE,Pesanan afiliasi,Affiliate_-1,Agency_-1
7609906961273883911,Video,Pesanan iklan toko,Affiliate_-1,Agency_-1
7617667323580156690,LIVE,Pesanan iklan toko,Affiliate_-1,Agency_-1
7609298936339254535,Video,Pesanan afiliasi,Affiliate_-1,Agency_-1
7617719198173350663,LIVE,Pesanan iklan toko,Affiliate_-1,Agency_-1
7617528966513593106,LIVE,Pesanan iklan toko,Affiliate_-1,Agency_-1
7614425264508521223,LIVE,Pesanan iklan toko,Affiliate_-1,Agency_-1
7617299137797229330,LIVE,Pesanan iklan toko,Affiliate_-1,Agency_-1
7617590032292137746,LIVE,Pesanan iklan toko,Affiliate_-1,Agency_-1
7617528966513593106,LIVE,Pesanan afiliasi,Affiliate_-1,Agency_-1
7609598626318404370,LIVE,Pesanan iklan toko,Affiliate_-1,Agency_-1
7616600693171833608,LIVE,Pesanan iklan toko,Affiliate_-1,Agency_-1
7617390839886695175,LIVE,Pesanan afiliasi,Affiliate_-1,Agency_-1
7611118000237858066,Video,Pesanan iklan toko,Affiliate_-1,Agency_-1
7616927397556538120,LIVE,Pesanan afiliasi,Affiliate_-1,Agency_-1
7617223378931370770,LIVE,Pesanan iklan toko,Affiliate_-1,Agency_-1
7616556417281051410,LIVE,Pesanan iklan toko,Affiliate_-1,Agency_-1
7617026124438080274,LIVE,Pesanan iklan toko,Affiliate_-1,Agency_-1
7616695808443828999,LIVE,Pesanan iklan toko,Affiliate_-1,Agency_-1
7617026124438080274,LIVE,Pesanan afiliasi,Affiliate_-1,Agency_-1
7616997272374741778,LIVE,Pesanan iklan toko,Affiliate_-1,Agency_-1
7616465064572341000,LIVE,Pesanan iklan toko,Affiliate_-1,Agency_-1
7616997272374741778,LIVE,Pesanan afiliasi,Affiliate_-1,Agency_-1
7616976538559580946,LIVE,Pesanan afiliasi,Affiliate_-1,Agency_-1
7616976538559580946,LIVE,Pesanan iklan toko,Affiliate_-1,Agency_-1
7616927397556538120,LIVE,Pesanan iklan toko,Affiliate_-1,Agency_-1
7609907208024804626,Video,Pesanan afiliasi,Affiliate_-1,Agency_-1
7616742431308712712,LIVE,Pesanan iklan toko,Affiliate_-1,Agency_-1
7616841627474299656,LIVE,Pesanan iklan toko,Affiliate_-1,Agency_-1
7609971048460716807,LIVE,Pesanan iklan toko,Affiliate_-1,Agency_-1
7616556417281051410,LIVE,Pesanan afiliasi,Affiliate_-1,Agency_-1
7615070657008782087,LIVE,Pesanan iklan toko,Affiliate_-1,Agency_-1
7613260770947681042,LIVE,Pesanan iklan toko,Affiliate_-1,Agency_-1
7616649216837815048,LIVE,Pesanan iklan toko,Affiliate_-1,Agency_-1
7610757016801364744,LIVE,Pesanan iklan toko,Affiliate_-1,Agency_-1
7616649216837815048,LIVE,Pesanan afiliasi,Affiliate_-1,Agency_-1
7616600693171833608,LIVE,Pesanan afiliasi,Affiliate_-1,Agency_-1
7515354673247702278,Video,Pesanan afiliasi,Affiliate_-1,Agency_-1
7616465064572341000,LIVE,Pesanan afiliasi,Affiliate_-1,Agency_-1
7615050027060235527,Video,Pesanan afiliasi,Affiliate_-1,Agency_-1
7592751379437997319,Video,Pesanan afiliasi,Affiliate_-1,Agency_-1
7611999445282065682,Video,Pesanan iklan toko,Affiliate_-1,Agency_-1
7616373548124834567,LIVE,Pesanan iklan toko,Affiliate_-1,Agency_-1
7615951389072952082,LIVE,Pesanan iklan toko,Affiliate_-1,Agency_-1
7616326470352407304,LIVE,Pesanan afiliasi,Affiliate_-1,Agency_-1
7587851179850353938,Video,Pesanan iklan toko,Affiliate_-1,Agency_-1
7606433524207357191,Video,Pesanan iklan toko,Affiliate_-1,Agency_-1
7601604246714256647,Video,Pesanan iklan toko,Affiliate_-1,Agency_-1
7612761715675106578,Video,Pesanan iklan toko,Affiliate_-1,Agency_-1
7616281645364038418,LIVE,Pesanan iklan toko,Affiliate_-1,Agency_-1
7600847303582223634,Video,Pesanan afiliasi,Affiliate_-1,Agency_-1
7616281645364038418,LIVE,Pesanan afiliasi,Affiliate_-1,Agency_-1
7613357737572863240,Video,Pesanan afiliasi,Affiliate_-1,Agency_-1
7616181330434329352,LIVE,Pesanan iklan toko,Affiliate_-1,Agency_-1
7614784661096615175,Video,Pesanan afiliasi,Affiliate_-1,Agency_-1
7616251063821273863,LIVE,Pesanan iklan toko,Affiliate_-1,Agency_-1
7616251063821273863,LIVE,Pesanan afiliasi,Affiliate_-1,Agency_-1
7613123764238961415,LIVE,Pesanan iklan toko,Affiliate_-1,Agency_-1
7616229581590399762,LIVE,Pesanan iklan toko,Affiliate_-1,Agency_-1
7616229581590399762,LIVE,Pesanan afiliasi,Affiliate_-1,Agency_-1
7615998240647072530,LIVE,Pesanan iklan toko,Affiliate_-1,Agency_-1
7616181330434329352,LIVE,Pesanan afiliasi,Affiliate_-1,Agency_-1
7614326373764516615,LIVE,Pesanan iklan toko,Affiliate_-1,Agency_-1
7616093124209003282,LIVE,Pesanan iklan toko,Affiliate_-1,Agency_-1
7605130785363889426,Video,Pesanan iklan toko,Affiliate_-1,Agency_-1
7616093124209003282,LIVE,Pesanan afiliasi,Affiliate_-1,Agency_-1
7615213418093660946,LIVE,Pesanan iklan toko,Affiliate_-1,Agency_-1
7616044690723916551,LIVE,Pesanan iklan toko,Affiliate_-1,Agency_-1
7615722234162367240,LIVE,Pesanan iklan toko,Affiliate_-1,Agency_-1
7615626812496055048,LIVE,Pesanan iklan toko,Affiliate_-1,Agency_-1
7615872236915149586,LIVE,Pesanan iklan toko,Affiliate_-1,Agency_-1
7615951389072952082,LIVE,Pesanan afiliasi,Affiliate_-1,Agency_-1
7615915828651461384,LIVE,Pesanan iklan toko,Affiliate_-1,Agency_-1
7603208044323474184,LIVE,Pesanan iklan toko,Affiliate_-1,Agency_-1
7608585066863693074,Video,Pesanan afiliasi,Affiliate_-1,Agency_-1
7593989597873408775,LIVE,Pesanan iklan toko,Affiliate_-1,Agency_-1
7615872236915149586,LIVE,Pesanan afiliasi,Affiliate_-1,Agency_-1
7615860625343777554,LIVE,Pesanan iklan toko,Affiliate_-1,Agency_-1
7615817474617527048,LIVE,Pesanan iklan toko,Affiliate_-1,Agency_-1
7606429151507041554,Video,Pesanan iklan toko,Affiliate_-1,Agency_-1
7615673355258628871,LIVE,Pesanan iklan toko,Affiliate_-1,Agency_-1
7615722234162367240,LIVE,Pesanan afiliasi,Affiliate_-1,Agency_-1
7615673355258628871,LIVE,Pesanan afiliasi,Affiliate_-1,Agency_-1
7605434994855004946,LIVE,Pesanan iklan toko,Affiliate_-1,Agency_-1
7615626812496055048,LIVE,Pesanan afiliasi,Affiliate_-1,Agency_-1
7615119496202472200,LIVE,Pesanan iklan toko,Affiliate_-1,Agency_-1
7615591364352953096,LIVE,Pesanan iklan toko,Affiliate_-1,Agency_-1
7615591364352953096,LIVE,Pesanan afiliasi,Affiliate_-1,Agency_-1
7611131724982602514,LIVE,Pesanan iklan toko,Affiliate_-1,Agency_-1
7615536335805434631,LIVE,Pesanan iklan toko,Affiliate_-1,Agency_-1
7587515312812133640,Video,Pesanan iklan toko,Affiliate_-1,Agency_-1
7615488629737671431,LIVE,Pesanan iklan toko,Affiliate_-1,Agency_-1
7615488629737671431,LIVE,Pesanan afiliasi,Affiliate_-1,Agency_-1
7615442095263845127,LIVE,Pesanan afiliasi,Affiliate_-1,Agency_-1
7615260365677103879,LIVE,Pesanan iklan toko,Affiliate_-1,Agency_-1
7615442095263845127,LIVE,Pesanan iklan toko,Affiliate_-1,Agency_-1
7613490917894343954,Video,Pesanan afiliasi,Affiliate_-1,Agency_-1
7615350888256899848,LIVE,Pesanan iklan toko,Affiliate_-1,Agency_-1
7612455290323160327,Video,Pesanan iklan toko,Affiliate_-1,Agency_-1
7615307182589872903,LIVE,Pesanan afiliasi,Affiliate_-1,Agency_-1
7615166793472707336,LIVE,Pesanan iklan toko,Affiliate_-1,Agency_-1
7614061831522421522,LIVE,Pesanan iklan toko,Affiliate_-1,Agency_-1
7615197378580187911,LIVE,Pesanan iklan toko,Affiliate_-1,Agency_-1
7615197378580187911,LIVE,Pesanan afiliasi,Affiliate_-1,Agency_-1
7615166793472707336,LIVE,Pesanan afiliasi,Affiliate_-1,Agency_-1
7610896814522911496,LIVE,Pesanan iklan toko,Affiliate_-1,Agency_-1
7614978478764542738,LIVE,Pesanan iklan toko,Affiliate_-1,Agency_-1
7609440914808884498,Video,Pesanan afiliasi,Affiliate_-1,Agency_-1
7599168168468253959,Video,Pesanan iklan toko,Affiliate_-1,Agency_-1
7615070657008782087,LIVE,Pesanan afiliasi,Affiliate_-1,Agency_-1
7602166482587503880,Video,Pesanan iklan toko,Affiliate_-1,Agency_-1
7595548829437824274,Video,Pesanan afiliasi,Affiliate_-1,Agency_-1
7604565689063476498,Video,Pesanan iklan toko,Affiliate_-1,Agency_-1
7614978478764542738,LIVE,Pesanan afiliasi,Affiliate_-1,Agency_-1
7614745066636856071,LIVE,Pesanan iklan toko,Affiliate_-1,Agency_-1
7614929799177620242,LIVE,Pesanan iklan toko,Affiliate_-1,Agency_-1
7614832785395584263,Video,Pesanan iklan toko,Affiliate_-1,Agency_-1
7614842857040136981,LIVE,Pesanan iklan toko,Affiliate_-1,Agency_-1
7603025547601448200,Video,Pesanan iklan toko,Affiliate_-1,Agency_-1
7611591492776626962,LIVE,Pesanan iklan toko,Affiliate_-1,Agency_-1
7614842857040136981,LIVE,Pesanan afiliasi,Affiliate_-1,Agency_-1
7614792207366638356,LIVE,Pesanan iklan toko,Affiliate_-1,Agency_-1
7614792207366638356,LIVE,Pesanan afiliasi,Affiliate_-1,Agency_-1
7614782053497703189,LIVE,Pesanan iklan toko,Affiliate_-1,Agency_-1
7614745066636856071,LIVE,Pesanan afiliasi,Affiliate_-1,Agency_-1
7601599412686572807,Video,Pesanan iklan toko,Affiliate_-1,Agency_-1
7614698394522733319,LIVE,Pesanan iklan toko,Affiliate_-1,Agency_-1
7614609528568367879,LIVE,Pesanan iklan toko,Affiliate_-1,Agency_-1
7614609528568367879,LIVE,Pesanan afiliasi,Affiliate_-1,Agency_-1
7613447947119905544,LIVE,Pesanan iklan toko,Affiliate_-1,Agency_-1
7614561491434015495,LIVE,Pesanan iklan toko,Affiliate_-1,Agency_-1
7614513165699615496,LIVE,Pesanan iklan toko,Affiliate_-1,Agency_-1
7612290468797369095,LIVE,Pesanan iklan toko,Affiliate_-1,Agency_-1
7614425264508521223,LIVE,Pesanan afiliasi,Affiliate_-1,Agency_-1
7614378640372992775,LIVE,Pesanan iklan toko,Affiliate_-1,Agency_-1
7614048219068124423,Video,Pesanan iklan toko,Affiliate_-1,Agency_-1
7614378640372992775,LIVE,Pesanan afiliasi,Affiliate_-1,Agency_-1
7614326373764516615,LIVE,Pesanan afiliasi,Affiliate_-1,Agency_-1
7614238130183670546,LIVE,Pesanan iklan toko,Affiliate_-1,Agency_-1
7614146064774056711,LIVE,Pesanan iklan toko,Affiliate_-1,Agency_-1
7614100814558153479,LIVE,Pesanan iklan toko,Affiliate_-1,Agency_-1
7612566419108023058,LIVE,Pesanan iklan toko,Affiliate_-1,Agency_-1
7614013488281389842,LIVE,Pesanan iklan toko,Affiliate_-1,Agency_-1
7609298660454583560,Video,Pesanan afiliasi,Affiliate_-1,Agency_-1
7614013488281389842,LIVE,Pesanan afiliasi,Affiliate_-1,Agency_-1
7613029068609686280,LIVE,Pesanan iklan toko,Affiliate_-1,Agency_-1
7601822363541409031,Video,Pesanan iklan toko,Affiliate_-1,Agency_-1
7603027420936949010,Video,Pesanan iklan toko,Affiliate_-1,Agency_-1
7613401505672350472,LIVE,Pesanan iklan toko,Affiliate_-1,Agency_-1
7613955144661420808,LIVE,Pesanan iklan toko,Affiliate_-1,Agency_-1
7613955144661420808,LIVE,Pesanan afiliasi,Affiliate_-1,Agency_-1
7611555733788461832,LIVE,Pesanan iklan toko,Affiliate_-1,Agency_-1
7613490917894343954,Video,Pesanan iklan toko,Affiliate_-1,Agency_-1
7608281959575472903,LIVE,Pesanan iklan toko,Affiliate_-1,Agency_-1
7613868050630806279,LIVE,Pesanan iklan toko,Affiliate_-1,Agency_-1
7613868050630806279,LIVE,Pesanan afiliasi,Affiliate_-1,Agency_-1
7613821082890799879,LIVE,Pesanan iklan toko,Affiliate_-1,Agency_-1
7613821082890799879,LIVE,Pesanan afiliasi,Affiliate_-1,Agency_-1
7613774283896572690,LIVE,Pesanan iklan toko,Affiliate_-1,Agency_-1
7613727634211588882,LIVE,Pesanan iklan toko,Affiliate_-1,Agency_-1
7613679705971657480,LIVE,Pesanan iklan toko,Affiliate_-1,Agency_-1
7613632357433625362,LIVE,Pesanan iklan toko,Affiliate_-1,Agency_-1
7610532434949442834,Video,Pesanan afiliasi,Affiliate_-1,Agency_-1
7613506198935063316,LIVE,Pesanan iklan toko,Affiliate_-1,Agency_-1
7613582752142691079,LIVE,Pesanan iklan toko,Affiliate_-1,Agency_-1
7612851935313562386,LIVE,Pesanan afiliasi,Affiliate_-1,Agency_-1
7613357737572863240,Video,Pesanan iklan toko,Affiliate_-1,Agency_-1
7613582752142691079,LIVE,Pesanan afiliasi,Affiliate_-1,Agency_-1
7613076036158950162,LIVE,Pesanan iklan toko,Affiliate_-1,Agency_-1
7609239960188718354,Video,Pesanan iklan toko,Affiliate_-1,Agency_-1
7605131426832469256,Video,Pesanan iklan toko,Affiliate_-1,Agency_-1
7613495566701431570,LIVE,Pesanan iklan toko,Affiliate_-1,Agency_-1
7591421977106091271,Video,Pesanan iklan toko,Affiliate_-1,Agency_-1
7612750468951575314,LIVE,Pesanan iklan toko,Affiliate_-1,Agency_-1
7612337093313858322,LIVE,Pesanan iklan toko,Affiliate_-1,Agency_-1
7613401505672350472,LIVE,Pesanan afiliasi,Affiliate_-1,Agency_-1
7613354856820722450,LIVE,Pesanan afiliasi,Affiliate_-1,Agency_-1
7613310336234310407,LIVE,Pesanan iklan toko,Affiliate_-1,Agency_-1
7602165822747905287,Video,Pesanan iklan toko,Affiliate_-1,Agency_-1
7609781772813601543,LIVE,Pesanan iklan toko,Affiliate_-1,Agency_-1
7613214189599460104,LIVE,Pesanan iklan toko,Affiliate_-1,Agency_-1
7613123764238961415,LIVE,Pesanan afiliasi,Affiliate_-1,Agency_-1
7613076036158950162,LIVE,Pesanan afiliasi,Affiliate_-1,Agency_-1
7609592086307867911,Video,Pesanan iklan toko,Affiliate_-1,Agency_-1
7612688560621243144,LIVE,Pesanan iklan toko,Affiliate_-1,Agency_-1
7612147194753272594,LIVE,Pesanan iklan toko,Affiliate_-1,Agency_-1
7585753667329739527,LIVE,Pesanan iklan toko,Affiliate_-1,Agency_-1
7612851935313562386,LIVE,Pesanan iklan toko,Affiliate_-1,Agency_-1
7600124494044335368,Video,Pesanan iklan toko,Affiliate_-1,Agency_-1
7612796934382570258,LIVE,Pesanan iklan toko,Affiliate_-1,Agency_-1
7599167544607395079,Video,Pesanan iklan toko,Affiliate_-1,Agency_-1
7612975408850684679,LIVE,Pesanan iklan toko,Affiliate_-1,Agency_-1
7611173492385614600,LIVE,Pesanan iklan toko,Affiliate_-1,Agency_-1
7612936415458560775,LIVE,Pesanan iklan toko,Affiliate_-1,Agency_-1
7608996764217330440,LIVE,Pesanan iklan toko,Affiliate_-1,Agency_-1
7612893609042463506,LIVE,Pesanan iklan toko,Affiliate_-1,Agency_-1
7610431414589590290,LIVE,Pesanan iklan toko,Affiliate_-1,Agency_-1
7605434994855004946,LIVE,Pesanan afiliasi,Affiliate_-1,Agency_-1
7611966093221022983,Video,Pesanan afiliasi,Affiliate_-1,Agency_-1
7612736487175604999,LIVE,Pesanan iklan toko,Affiliate_-1,Agency_-1
7592853620538821906,Video,Pesanan iklan toko,Affiliate_-1,Agency_-1
7611222502578146055,LIVE,Pesanan iklan toko,Affiliate_-1,Agency_-1
7611730079967546130,LIVE,Pesanan iklan toko,Affiliate_-1,Agency_-1
7611074361936956178,LIVE,Pesanan iklan toko,Affiliate_-1,Agency_-1
7612626988938840839,LIVE,Pesanan iklan toko,Affiliate_-1,Agency_-1
7609591137589792018,Video,Pesanan iklan toko,Affiliate_-1,Agency_-1
7514270298745670918,Video,Pesanan iklan toko,Affiliate_-1,Agency_-1
7609441046908423431,Video,Pesanan afiliasi,Affiliate_-1,Agency_-1
7612518529602063112,LIVE,Pesanan iklan toko,Affiliate_-1,Agency_-1
7612541813900495623,LIVE,Pesanan iklan toko,Affiliate_-1,Agency_-1
7612195315558501127,LIVE,Pesanan iklan toko,Affiliate_-1,Agency_-1
7612471869739977479,LIVE,Pesanan iklan toko,Affiliate_-1,Agency_-1
7611735747510455560,Video,Pesanan iklan toko,Affiliate_-1,Agency_-1
7612349301452311304,LIVE,Pesanan iklan toko,Affiliate_-1,Agency_-1
7612387523813296904,LIVE,Pesanan iklan toko,Affiliate_-1,Agency_-1
7612387523813296904,LIVE,Pesanan afiliasi,Affiliate_-1,Agency_-1
7601077961323744519,Video,Pesanan afiliasi,Affiliate_-1,Agency_-1
7612349301452311304,LIVE,Pesanan afiliasi,Affiliate_-1,Agency_-1
7612009135067974408,LIVE,Pesanan iklan toko,Affiliate_-1,Agency_-1
7611417677482478344,LIVE,Pesanan iklan toko,Affiliate_-1,Agency_-1
7612242992772041492,LIVE,Pesanan iklan toko,Affiliate_-1,Agency_-1
7611916140655168263,LIVE,Pesanan iklan toko,Affiliate_-1,Agency_-1
7610182379952524551,Video,Pesanan iklan toko,Affiliate_-1,Agency_-1
7612242992772041492,LIVE,Pesanan afiliasi,Affiliate_-1,Agency_-1
7517988062765370680,Video,Pesanan iklan toko,Affiliate_-1,Agency_-1
7612230467558886165,LIVE,Pesanan iklan toko,Affiliate_-1,Agency_-1
7610987252631390983,LIVE,Pesanan iklan toko,Affiliate_-1,Agency_-1
7611084730745768722,LIVE,Pesanan iklan toko,Affiliate_-1,Agency_-1
7611509062060034824,LIVE,Pesanan iklan toko,Affiliate_-1,Agency_-1
7612147194753272594,LIVE,Pesanan afiliasi,Affiliate_-1,Agency_-1
7612100307895520008,LIVE,Pesanan iklan toko,Affiliate_-1,Agency_-1
7612009135067974408,LIVE,Pesanan afiliasi,Affiliate_-1,Agency_-1
7611962584530569991,LIVE,Pesanan iklan toko,Affiliate_-1,Agency_-1
7611962584530569991,LIVE,Pesanan afiliasi,Affiliate_-1,Agency_-1
